{
    "rf": {
        "mse": 1990624659439.9385,
        "mae": 1029935.6862714563,
        "r2": 0.6061733119895658
    },
    "tf": {
        "mse": 2364833318334.1387,
        "mae": 1139011.0275229358,
        "r2": 0.5321395993232727
    }
}